,0,1,2,3,4,5,6,7,8,9,10,11,12,13,14,15,16,17,18,19,20,21,22,23,24,25,26,27,28,29,30,31,32,33,34,35,36,37,38,39,40,41,42,43,44,45,46,47,48,49,50,51,52,53,54,55,56,57,58,59,60,61,62,63,64,65,66,67,68,69,70,71,72,73,74,75,76,77,78,79,80,81,82,83,84,85,86
0,-1,-1,-1,-1,-1,-1,-1,-1,-1,-1,-1,-1,-1,-1,-1,-1,-1,-1,-1,-1,-1,-1,-1,-1,-1,-1,-1,-1,-1,-1,-1,-1,-1,-1,-1,-1,-1,-1,-1,2535,2708,2709,2882,2883,3056,3057,3230,3231,-1,-1,-1,-1,-1,-1,-1,-1,-1,-1,-1,-1,-1,-1,-1,-1,-1,-1,-1,-1,-1,-1,-1,-1,-1,-1,-1,-1,-1,-1,-1,-1,-1,-1,-1,-1,-1,-1,-1
1,-1,-1,-1,-1,-1,-1,-1,-1,-1,-1,-1,-1,-1,-1,-1,-1,-1,-1,-1,-1,-1,-1,-1,-1,-1,-1,-1,-1,-1,-1,-1,-1,-1,-1,2194,2195,2364,2365,2534,2536,2707,2710,2881,2884,3055,3058,3229,3232,3402,3403,3572,3573,3742,-1,-1,-1,-1,-1,-1,-1,-1,-1,-1,-1,-1,-1,-1,-1,-1,-1,-1,-1,-1,-1,-1,-1,-1,-1,-1,-1,-1,-1,-1,-1,-1,-1,-1
2,-1,-1,-1,-1,-1,-1,-1,-1,-1,-1,-1,-1,-1,-1,-1,-1,-1,-1,-1,-1,-1,-1,-1,-1,-1,-1,-1,-1,-1,-1,1860,1861,2026,2027,2193,2196,2363,2366,2533,2537,2706,2711,2880,2885,3054,3059,3228,3233,3401,3404,3571,3574,3741,3743,3908,3909,4074,-1,-1,-1,-1,-1,-1,-1,-1,-1,-1,-1,-1,-1,-1,-1,-1,-1,-1,-1,-1,-1,-1,-1,-1,-1,-1,-1,-1,-1,-1
3,-1,-1,-1,-1,-1,-1,-1,-1,-1,-1,-1,-1,-1,-1,-1,-1,-1,-1,-1,-1,-1,-1,-1,-1,-1,-1,-1,1535,1696,1697,1859,1862,2025,2028,2192,2197,2362,2367,2532,2538,2705,2712,2879,2886,3053,3060,3227,3234,3400,3405,3570,3575,3740,3744,3907,3910,4073,4075,4236,4237,-1,-1,-1,-1,-1,-1,-1,-1,-1,-1,-1,-1,-1,-1,-1,-1,-1,-1,-1,-1,-1,-1,-1,-1,-1,-1,-1
4,-1,-1,-1,-1,-1,-1,-1,-1,-1,-1,-1,-1,-1,-1,-1,-1,-1,-1,-1,-1,-1,-1,-1,-1,-1,1377,1534,1536,1695,1698,1858,1863,2024,2029,2191,2198,2361,2368,2531,2539,2704,2713,2878,2887,3052,3061,3226,3235,3399,3406,3569,3576,3739,3745,3906,3911,4072,4076,4235,4238,4396,4397,-1,-1,-1,-1,-1,-1,-1,-1,-1,-1,-1,-1,-1,-1,-1,-1,-1,-1,-1,-1,-1,-1,-1,-1,-1
5,-1,-1,-1,-1,-1,-1,-1,-1,-1,-1,-1,-1,-1,-1,-1,-1,-1,-1,-1,-1,-1,-1,-1,1223,1376,1378,1533,1537,1694,1699,1857,1864,2023,2030,2190,2199,2360,2369,2530,2540,2703,2714,2877,2888,3051,3062,3225,3236,3398,3407,3568,3577,3738,3746,3905,3912,4071,4077,4234,4239,4395,4398,4552,4553,-1,-1,-1,-1,-1,-1,-1,-1,-1,-1,-1,-1,-1,-1,-1,-1,-1,-1,-1,-1,-1,-1,-1
6,-1,-1,-1,-1,-1,-1,-1,-1,-1,-1,-1,-1,-1,-1,-1,-1,-1,-1,-1,-1,-1,1073,1222,1224,1375,1379,1532,1538,1693,1700,1856,1865,2022,2031,2189,2200,2359,2370,2529,2541,2702,2715,2876,2889,3050,3063,3224,3237,3397,3408,3567,3578,3737,3747,3904,3913,4070,4078,4233,4240,4394,4399,4551,4554,4704,4705,-1,-1,-1,-1,-1,-1,-1,-1,-1,-1,-1,-1,-1,-1,-1,-1,-1,-1,-1,-1,-1
7,-1,-1,-1,-1,-1,-1,-1,-1,-1,-1,-1,-1,-1,-1,-1,-1,-1,-1,-1,-1,1072,1074,1221,1225,1374,1380,1531,1539,1692,1701,1855,1866,2021,2032,2188,2201,2358,2371,2528,2542,2701,2716,2875,2890,3049,3064,3223,3238,3396,3409,3566,3579,3736,3748,3903,3914,4069,4079,4232,4241,4393,4400,4550,4555,4703,4706,4852,-1,-1,-1,-1,-1,-1,-1,-1,-1,-1,-1,-1,-1,-1,-1,-1,-1,-1,-1,-1
8,-1,-1,-1,-1,-1,-1,-1,-1,-1,-1,-1,-1,-1,-1,-1,-1,-1,-1,928,929,1071,1075,1220,1226,1373,1381,1530,1540,1691,1702,1854,1867,2020,2033,2187,2202,2357,2372,2527,2543,2700,2717,2874,2891,3048,3065,3222,3239,3395,3410,3565,3580,3735,3749,3902,3915,4068,4080,4231,4242,4392,4401,4549,4556,4702,4707,4851,4853,4994,-1,-1,-1,-1,-1,-1,-1,-1,-1,-1,-1,-1,-1,-1,-1,-1,-1,-1
9,-1,-1,-1,-1,-1,-1,-1,-1,-1,-1,-1,-1,-1,-1,-1,-1,-1,789,927,930,1070,1076,1219,1227,1372,1382,1529,1541,1690,1703,1853,1868,2019,2034,2186,2203,2356,2373,2526,2544,2699,2718,2873,2892,3047,3066,3221,3240,3394,3411,3564,3581,3734,3750,3901,3916,4067,4081,4230,4243,4391,4402,4548,4557,4701,4708,4850,4854,4993,4995,-1,-1,-1,-1,-1,-1,-1,-1,-1,-1,-1,-1,-1,-1,-1,-1,-1
10,-1,-1,-1,-1,-1,-1,-1,-1,-1,-1,-1,-1,-1,-1,-1,-1,788,790,926,931,1069,1077,1218,1228,1371,1383,1528,1542,1689,1704,1852,1869,2018,2035,2185,2204,2355,2374,2525,2545,2698,2719,2872,2893,3046,3067,3220,3241,3393,3412,3563,3582,3733,3751,3900,3917,4066,4082,4229,4244,4390,4403,4547,4558,4700,4709,4849,4855,4992,4996,5130,-1,-1,-1,-1,-1,-1,-1,-1,-1,-1,-1,-1,-1,-1,-1,-1
11,-1,-1,-1,-1,-1,-1,-1,-1,-1,-1,-1,-1,-1,-1,-1,657,787,791,925,932,1068,1078,1217,1229,1370,1384,1527,1543,1688,1705,1851,1870,2017,2036,2184,2205,2354,2375,2524,2546,2697,2720,2871,2894,3045,3068,3219,3242,3392,3413,3562,3583,3732,3752,3899,3918,4065,4083,4228,4245,4389,4404,4546,4559,4699,4710,4848,4856,4991,4997,5129,5131,-1,-1,-1,-1,-1,-1,-1,-1,-1,-1,-1,-1,-1,-1,-1
12,-1,-1,-1,-1,-1,-1,-1,-1,-1,-1,-1,-1,-1,-1,656,658,786,792,924,933,1067,1079,1216,1230,1369,1385,1526,1544,1687,1706,1850,1871,2016,2037,2183,2206,2353,2376,2523,2547,2696,2721,2870,2895,3044,3069,3218,3243,3391,3414,3561,3584,3731,3753,3898,3919,4064,4084,4227,4246,4388,4405,4545,4560,4698,4711,4847,4857,4990,4998,5128,5132,5258,-1,-1,-1,-1,-1,-1,-1,-1,-1,-1,-1,-1,-1,-1
13,-1,-1,-1,-1,-1,-1,-1,-1,-1,-1,-1,-1,-1,533,655,659,785,793,923,934,1066,1080,1215,1231,1368,1386,1525,1545,1686,1707,1849,1872,2015,2038,2182,2207,2352,2377,2522,2548,2695,2722,2869,2896,3043,3070,3217,3244,3390,3415,3560,3585,3730,3754,3897,3920,4063,4085,4226,4247,4387,4406,4544,4561,4697,4712,4846,4858,4989,4999,5127,5133,5257,5259,-1,-1,-1,-1,-1,-1,-1,-1,-1,-1,-1,-1,-1
14,-1,-1,-1,-1,-1,-1,-1,-1,-1,-1,-1,-1,532,534,654,660,784,794,922,935,1065,1081,1214,1232,1367,1387,1524,1546,1685,1708,1848,1873,2014,2039,2181,2208,2351,2378,2521,2549,2694,2723,2868,2897,3042,3071,3216,3245,3389,3416,3559,3586,3729,3755,3896,3921,4062,4086,4225,4248,4386,4407,4543,4562,4696,4713,4845,4859,4988,5000,5126,5134,5256,5260,5378,-1,-1,-1,-1,-1,-1,-1,-1,-1,-1,-1,-1
15,-1,-1,-1,-1,-1,-1,-1,-1,-1,-1,-1,417,531,535,653,661,783,795,921,936,1064,1082,1213,1233,1366,1388,1523,1547,1684,1709,1847,1874,2013,2040,2180,2209,2350,2379,2520,2550,2693,2724,2867,2898,3041,3072,3215,3246,3388,3417,3558,3587,3728,3756,3895,3922,4061,4087,4224,4249,4385,4408,4542,4563,4695,4714,4844,4860,4987,5001,5125,5135,5255,5261,5377,5379,-1,-1,-1,-1,-1,-1,-1,-1,-1,-1,-1
16,-1,-1,-1,-1,-1,-1,-1,-1,-1,-1,416,418,530,536,652,662,782,796,920,937,1063,1083,1212,1234,1365,1389,1522,1548,1683,1710,1846,1875,2012,2041,2179,2210,2349,2380,2519,2551,2692,2725,2866,2899,3040,3073,3214,3247,3387,3418,3557,3588,3727,3757,3894,3923,4060,4088,4223,4250,4384,4409,4541,4564,4694,4715,4843,4861,4986,5002,5124,5136,5254,5262,5376,5380,5490,-1,-1,-1,-1,-1,-1,-1,-1,-1,-1
17,-1,-1,-1,-1,-1,-1,-1,-1,-1,309,415,419,529,537,651,663,781,797,919,938,1062,1084,1211,1235,1364,1390,1521,1549,1682,1711,1845,1876,2011,2042,2178,2211,2348,2381,2518,2552,2691,2726,2865,2900,3039,3074,3213,3248,3386,3419,3556,3589,3726,3758,3893,3924,4059,4089,4222,4251,4383,4410,4540,4565,4693,4716,4842,4862,4985,5003,5123,5137,5253,5263,5375,5381,5489,5491,-1,-1,-1,-1,-1,-1,-1,-1,-1
18,-1,-1,-1,-1,-1,-1,-1,-1,308,310,414,420,528,538,650,664,780,798,918,939,1061,1085,1210,1236,1363,1391,1520,1550,1681,1712,1844,1877,2010,2043,2177,2212,2347,2382,2517,2553,2690,2727,2864,2901,3038,3075,3212,3249,3385,3420,3555,3590,3725,3759,3892,3925,4058,4090,4221,4252,4382,4411,4539,4566,4692,4717,4841,4863,4984,5004,5122,5138,5252,5264,5374,5382,5488,5492,5594,-1,-1,-1,-1,-1,-1,-1,-1
19,-1,-1,-1,-1,-1,-1,-1,-1,307,311,413,421,527,539,649,665,779,799,917,940,1060,1086,1209,1237,1362,1392,1519,1551,1680,1713,1843,1878,2009,2044,2176,2213,2346,2383,2516,2554,2689,2728,2863,2902,3037,3076,3211,3250,3384,3421,3554,3591,3724,3760,3891,3926,4057,4091,4220,4253,4381,4412,4538,4567,4691,4718,4840,4864,4983,5005,5121,5139,5251,5265,5373,5383,5487,5493,5593,-1,-1,-1,-1,-1,-1,-1,-1
20,-1,-1,-1,-1,-1,-1,-1,211,306,312,412,422,526,540,648,666,778,800,916,941,1059,1087,1208,1238,1361,1393,1518,1552,1679,1714,1842,1879,2008,2045,2175,2214,2345,2384,2515,2555,2688,2729,2862,2903,3036,3077,3210,3251,3383,3422,3553,3592,3723,3761,3890,3927,4056,4092,4219,4254,4380,4413,4537,4568,4690,4719,4839,4865,4982,5006,5120,5140,5250,5266,5372,5384,5486,5494,5592,5595,-1,-1,-1,-1,-1,-1,-1
21,-1,-1,-1,-1,-1,-1,210,212,305,313,411,423,525,541,647,667,777,801,915,942,1058,1088,1207,1239,1360,1394,1517,1553,1678,1715,1841,1880,2007,2046,2174,2215,2344,2385,2514,2556,2687,2730,2861,2904,3035,3078,3209,3252,3382,3423,3552,3593,3722,3762,3889,3928,4055,4093,4218,4255,4379,4414,4536,4569,4689,4720,4838,4866,4981,5007,5119,5141,5249,5267,5371,5385,5485,5495,5591,5596,5686,-1,-1,-1,-1,-1,-1
22,-1,-1,-1,-1,-1,-1,209,213,304,314,410,424,524,542,646,668,776,802,914,943,1057,1089,1206,1240,1359,1395,1516,1554,1677,1716,1840,1881,2006,2047,2173,2216,2343,2386,2513,2557,2686,2731,2860,2905,3034,3079,3208,3253,3381,3424,3551,3594,3721,3763,3888,3929,4054,4094,4217,4256,4378,4415,4535,4570,4688,4721,4837,4867,4980,5008,5118,5142,5248,5268,5370,5386,5484,5496,5590,5597,5685,-1,-1,-1,-1,-1,-1
23,-1,-1,-1,-1,-1,125,208,214,303,315,409,425,523,543,645,669,775,803,913,944,1056,1090,1205,1241,1358,1396,1515,1555,1676,1717,1839,1882,2005,2048,2172,2217,2342,2387,2512,2558,2685,2732,2859,2906,3033,3080,3207,3254,3380,3425,3550,3595,3720,3764,3887,3930,4053,4095,4216,4257,4377,4416,4534,4571,4687,4722,4836,4868,4979,5009,5117,5143,5247,5269,5369,5387,5483,5497,5589,5598,5684,5687,-1,-1,-1,-1,-1
24,-1,-1,-1,-1,-1,126,207,215,302,316,408,426,522,544,644,670,774,804,912,945,1055,1091,1204,1242,1357,1397,1514,1556,1675,1718,1838,1883,2004,2049,2171,2218,2341,2388,2511,2559,2684,2733,2858,2907,3032,3081,3206,3255,3379,3426,3549,3596,3719,3765,3886,3931,4052,4096,4215,4258,4376,4417,4533,4572,4686,4723,4835,4869,4978,5010,5116,5144,5246,5270,5368,5388,5482,5498,5588,5599,5683,5688,-1,-1,-1,-1,-1
25,-1,-1,-1,-1,124,127,206,216,301,317,407,427,521,545,643,671,773,805,911,946,1054,1092,1203,1243,1356,1398,1513,1557,1674,1719,1837,1884,2003,2050,2170,2219,2340,2389,2510,2560,2683,2734,2857,2908,3031,3082,3205,3256,3378,3427,3548,3597,3718,3766,3885,3932,4051,4097,4214,4259,4375,4418,4532,4573,4685,4724,4834,4870,4977,5011,5115,5145,5245,5271,5367,5389,5481,5499,5587,5600,5682,5689,5764,-1,-1,-1,-1
26,-1,-1,-1,-1,123,128,205,217,300,318,406,428,520,546,642,672,772,806,910,947,1053,1093,1202,1244,1355,1399,1512,1558,1673,1720,1836,1885,2002,2051,2169,2220,2339,2390,2509,2561,2682,2735,2856,2909,3030,3083,3204,3257,3377,3428,3547,3598,3717,3767,3884,3933,4050,4098,4213,4260,4374,4419,4531,4574,4684,4725,4833,4871,4976,5012,5114,5146,5244,5272,5366,5390,5480,5500,5586,5601,5681,5690,5763,-1,-1,-1,-1
27,-1,-1,-1,55,122,129,204,218,299,319,405,429,519,547,641,673,771,807,909,948,1052,1094,1201,1245,1354,1400,1511,1559,1672,1721,1835,1886,2001,2052,2168,2221,2338,2391,2508,2562,2681,2736,2855,2910,3029,3084,3203,3258,3376,3429,3546,3599,3716,3768,3883,3934,4049,4099,4212,4261,4373,4420,4530,4575,4683,4726,4832,4872,4975,5013,5113,5147,5243,5273,5365,5391,5479,5501,5585,5602,5680,5691,5762,5765,-1,-1,-1
28,-1,-1,-1,56,121,130,203,219,298,320,404,430,518,548,640,674,770,808,908,949,1051,1095,1200,1246,1353,1401,1510,1560,1671,1722,1834,1887,2000,2053,2167,2222,2337,2392,2507,2563,2680,2737,2854,2911,3028,3085,3202,3259,3375,3430,3545,3600,3715,3769,3882,3935,4048,4100,4211,4262,4372,4421,4529,4576,4682,4727,4831,4873,4974,5014,5112,5148,5242,5274,5364,5392,5478,5502,5584,5603,5679,5692,5761,5766,-1,-1,-1
29,-1,-1,-1,57,120,131,202,220,297,321,403,431,517,549,639,675,769,809,907,950,1050,1096,1199,1247,1352,1402,1509,1561,1670,1723,1833,1888,1999,2054,2166,2223,2336,2393,2506,2564,2679,2738,2853,2912,3027,3086,3201,3260,3374,3431,3544,3601,3714,3770,3881,3936,4047,4101,4210,4263,4371,4422,4528,4577,4681,4728,4830,4874,4973,5015,5111,5149,5241,5275,5363,5393,5477,5503,5583,5604,5678,5693,5760,5767,-1,-1,-1
30,-1,-1,54,58,119,132,201,221,296,322,402,432,516,550,638,676,768,810,906,951,1049,1097,1198,1248,1351,1403,1508,1562,1669,1724,1832,1889,1998,2055,2165,2224,2335,2394,2505,2565,2678,2739,2852,2913,3026,3087,3200,3261,3373,3432,3543,3602,3713,3771,3880,3937,4046,4102,4209,4264,4370,4423,4527,4578,4680,4729,4829,4875,4972,5016,5110,5150,5240,5276,5362,5394,5476,5504,5582,5605,5677,5694,5759,5768,5824,-1,-1
31,-1,-1,53,59,118,133,200,222,295,323,401,433,515,551,637,677,767,811,905,952,1048,1098,1197,1249,1350,1404,1507,1563,1668,1725,1831,1890,1997,2056,2164,2225,2334,2395,2504,2566,2677,2740,2851,2914,3025,3088,3199,3262,3372,3433,3542,3603,3712,3772,3879,3938,4045,4103,4208,4265,4369,4424,4526,4579,4679,4730,4828,4876,4971,5017,5109,5151,5239,5277,5361,5395,5475,5505,5581,5606,5676,5695,5758,5769,5823,-1,-1
32,-1,-1,52,60,117,134,199,223,294,324,400,434,514,552,636,678,766,812,904,953,1047,1099,1196,1250,1349,1405,1506,1564,1667,1726,1830,1891,1996,2057,2163,2226,2333,2396,2503,2567,2676,2741,2850,2915,3024,3089,3198,3263,3371,3434,3541,3604,3711,3773,3878,3939,4044,4104,4207,4266,4368,4425,4525,4580,4678,4731,4827,4877,4970,5018,5108,5152,5238,5278,5360,5396,5474,5506,5580,5607,5675,5696,5757,5770,5822,-1,-1
33,-1,-1,51,61,116,135,198,224,293,325,399,435,513,553,635,679,765,813,903,954,1046,1100,1195,1251,1348,1406,1505,1565,1666,1727,1829,1892,1995,2058,2162,2227,2332,2397,2502,2568,2675,2742,2849,2916,3023,3090,3197,3264,3370,3435,3540,3605,3710,3774,3877,3940,4043,4105,4206,4267,4367,4426,4524,4581,4677,4732,4826,4878,4969,5019,5107,5153,5237,5279,5359,5397,5473,5507,5579,5608,5674,5697,5756,5771,5821,-1,-1
34,-1,9,50,62,115,136,197,225,292,326,398,436,512,554,634,680,764,814,902,955,1045,1101,1194,1252,1347,1407,1504,1566,1665,1728,1828,1893,1994,2059,2161,2228,2331,2398,2501,2569,2674,2743,2848,2917,3022,3091,3196,3265,3369,3436,3539,3606,3709,3775,3876,3941,4042,4106,4205,4268,4366,4427,4523,4582,4676,4733,4825,4879,4968,5020,5106,5154,5236,5280,5358,5398,5472,5508,5578,5609,5673,5698,5755,5772,5820,5825,-1
35,-1,10,49,63,114,137,196,226,291,327,397,437,511,555,633,681,763,815,901,956,1044,1102,1193,1253,1346,1408,1503,1567,1664,1729,1827,1894,1993,2060,2160,2229,2330,2399,2500,2570,2673,2744,2847,2918,3021,3092,3195,3266,3368,3437,3538,3607,3708,3776,3875,3942,4041,4107,4204,4269,4365,4428,4522,4583,4675,4734,4824,4880,4967,5021,5105,5155,5235,5281,5357,5399,5471,5509,5577,5610,5672,5699,5754,5773,5819,5826,-1
36,-1,11,48,64,113,138,195,227,290,328,396,438,510,556,632,682,762,816,900,957,1043,1103,1192,1254,1345,1409,1502,1568,1663,1730,1826,1895,1992,2061,2159,2230,2329,2400,2499,2571,2672,2745,2846,2919,3020,3093,3194,3267,3367,3438,3537,3608,3707,3777,3874,3943,4040,4108,4203,4270,4364,4429,4521,4584,4674,4735,4823,4881,4966,5022,5104,5156,5234,5282,5356,5400,5470,5510,5576,5611,5671,5700,5753,5774,5818,5827,-1
37,-1,12,47,65,112,139,194,228,289,329,395,439,509,557,631,683,761,817,899,958,1042,1104,1191,1255,1344,1410,1501,1569,1662,1731,1825,1896,1991,2062,2158,2231,2328,2401,2498,2572,2671,2746,2845,2920,3019,3094,3193,3268,3366,3439,3536,3609,3706,3778,3873,3944,4039,4109,4202,4271,4363,4430,4520,4585,4673,4736,4822,4882,4965,5023,5103,5157,5233,5283,5355,5401,5469,5511,5575,5612,5670,5701,5752,5775,5817,5828,-1
38,-1,13,46,66,111,140,193,229,288,330,394,440,508,558,630,684,760,818,898,959,1041,1105,1190,1256,1343,1411,1500,1570,1661,1732,1824,1897,1990,2063,2157,2232,2327,2402,2497,2573,2670,2747,2844,2921,3018,3095,3192,3269,3365,3440,3535,3610,3705,3779,3872,3945,4038,4110,4201,4272,4362,4431,4519,4586,4672,4737,4821,4883,4964,5024,5102,5158,5232,5284,5354,5402,5468,5512,5574,5613,5669,5702,5751,5776,5816,5829,-1
39,8,14,45,67,110,141,192,230,287,331,393,441,507,559,629,685,759,819,897,960,1040,1106,1189,1257,1342,1412,1499,1571,1660,1733,1823,1898,1989,2064,2156,2233,2326,2403,2496,2574,2669,2748,2843,2922,3017,3096,3191,3270,3364,3441,3534,3611,3704,3780,3871,3946,4037,4111,4200,4273,4361,4432,4518,4587,4671,4738,4820,4884,4963,5025,5101,5159,5231,5285,5353,5403,5467,5513,5573,5614,5668,5703,5750,5777,5815,5830,5852
40,7,15,44,68,109,142,191,231,286,332,392,442,506,560,628,686,758,820,896,961,1039,1107,1188,1258,1341,1413,1498,1572,1659,1734,1822,1899,1988,2065,2155,2234,2325,2404,2495,2575,2668,2749,2842,2923,3016,3097,3190,3271,3363,3442,3533,3612,3703,3781,3870,3947,4036,4112,4199,4274,4360,4433,4517,4588,4670,4739,4819,4885,4962,5026,5100,5160,5230,5286,5352,5404,5466,5514,5572,5615,5667,5704,5749,5778,5814,5831,5851
41,6,16,43,69,108,143,190,232,285,333,391,443,505,561,627,687,757,821,895,962,1038,1108,1187,1259,1340,1414,1497,1573,1658,1735,1821,1900,1987,2066,2154,2235,2324,2405,2494,2576,2667,2750,2841,2924,3015,3098,3189,3272,3362,3443,3532,3613,3702,3782,3869,3948,4035,4113,4198,4275,4359,4434,4516,4589,4669,4740,4818,4886,4961,5027,5099,5161,5229,5287,5351,5405,5465,5515,5571,5616,5666,5705,5748,5779,5813,5832,5850
42,5,17,42,70,107,144,189,233,284,334,390,444,504,562,626,688,756,822,894,963,1037,1109,1186,1260,1339,1415,1496,1574,1657,1736,1820,1901,1986,2067,2153,2236,2323,2406,2493,2577,2666,2751,2840,2925,3014,3099,3188,3273,3361,3444,3531,3614,3701,3783,3868,3949,4034,4114,4197,4276,4358,4435,4515,4590,4668,4741,4817,4887,4960,5028,5098,5162,5228,5288,5350,5406,5464,5516,5570,5617,5665,5706,5747,5780,5812,5833,5849
43,4,18,41,71,106,145,188,234,283,335,389,445,503,563,625,689,755,823,893,964,1036,1110,1185,1261,1338,1416,1495,1575,1656,1737,1819,1902,1985,2068,2152,2237,2322,2407,2492,2578,2665,2752,2839,2926,3013,3100,3187,3274,3360,3445,3530,3615,3700,3784,3867,3950,4033,4115,4196,4277,4357,4436,4514,4591,4667,4742,4816,4888,4959,5029,5097,5163,5227,5289,5349,5407,5463,5517,5569,5618,5664,5707,5746,5781,5811,5834,5848
44,3,19,40,72,105,146,187,235,282,336,388,446,502,564,624,690,754,824,892,965,1035,1111,1184,1262,1337,1417,1494,1576,1655,1738,1818,1903,1984,2069,2151,2238,2321,2408,2491,2579,2664,2753,2838,2927,3012,3101,3186,3275,3359,3446,3529,3616,3699,3785,3866,3951,4032,4116,4195,4278,4356,4437,4513,4592,4666,4743,4815,4889,4958,5030,5096,5164,5226,5290,5348,5408,5462,5518,5568,5619,5663,5708,5745,5782,5810,5835,5847
45,2,20,39,73,104,147,186,236,281,337,387,447,501,565,623,691,753,825,891,966,1034,1112,1183,1263,1336,1418,1493,1577,1654,1739,1817,1904,1983,2070,2150,2239,2320,2409,2490,2580,2663,2754,2837,2928,3011,3102,3185,3276,3358,3447,3528,3617,3698,3786,3865,3952,4031,4117,4194,4279,4355,4438,4512,4593,4665,4744,4814,4890,4957,5031,5095,5165,5225,5291,5347,5409,5461,5519,5567,5620,5662,5709,5744,5783,5809,5836,5846
46,1,21,38,74,103,148,185,237,280,338,386,448,500,566,622,692,752,826,890,967,1033,1113,1182,1264,1335,1419,1492,1578,1653,1740,1816,1905,1982,2071,2149,2240,2319,2410,2489,2581,2662,2755,2836,2929,3010,3103,3184,3277,3357,3448,3527,3618,3697,3787,3864,3953,4030,4118,4193,4280,4354,4439,4511,4594,4664,4745,4813,4891,4956,5032,5094,5166,5224,5292,5346,5410,5460,5520,5566,5621,5661,5710,5743,5784,5808,5837,5845
47,0,22,37,75,102,149,184,238,279,339,385,449,499,567,621,693,751,827,889,968,1032,1114,1181,1265,1334,1420,1491,1579,1652,1741,1815,1906,1981,2072,2148,2241,2318,2411,2488,2582,2661,2756,2835,2930,3009,3104,3183,3278,3356,3449,3526,3619,3696,3788,3863,3954,4029,4119,4192,4281,4353,4440,4510,4595,4663,4746,4812,4892,4955,5033,5093,5167,5223,5293,5345,5411,5459,5521,5565,5622,5660,5711,5742,5785,5807,5838,5844
48,-1,23,36,76,101,150,183,239,278,340,384,450,498,568,620,694,750,828,888,969,1031,1115,1180,1266,1333,1421,1490,1580,1651,1742,1814,1907,1980,2073,2147,2242,2317,2412,2487,2583,2660,2757,2834,2931,3008,3105,3182,3279,3355,3450,3525,3620,3695,3789,3862,3955,4028,4120,4191,4282,4352,4441,4509,4596,4662,4747,4811,4893,4954,5034,5092,5168,5222,5294,5344,5412,5458,5522,5564,5623,5659,5712,5741,5786,5806,5839,-1
49,-1,24,35,77,100,151,182,240,277,341,383,451,497,569,619,695,749,829,887,970,1030,1116,1179,1267,1332,1422,1489,1581,1650,1743,1813,1908,1979,2074,2146,2243,2316,2413,2486,2584,2659,2758,2833,2932,3007,3106,3181,3280,3354,3451,3524,3621,3694,3790,3861,3956,4027,4121,4190,4283,4351,4442,4508,4597,4661,4748,4810,4894,4953,5035,5091,5169,5221,5295,5343,5413,5457,5523,5563,5624,5658,5713,5740,5787,5805,5840,-1
50,-1,25,34,78,99,152,181,241,276,342,382,452,496,570,618,696,748,830,886,971,1029,1117,1178,1268,1331,1423,1488,1582,1649,1744,1812,1909,1978,2075,2145,2244,2315,2414,2485,2585,2658,2759,2832,2933,3006,3107,3180,3281,3353,3452,3523,3622,3693,3791,3860,3957,4026,4122,4189,4284,4350,4443,4507,4598,4660,4749,4809,4895,4952,5036,5090,5170,5220,5296,5342,5414,5456,5524,5562,5625,5657,5714,5739,5788,5804,5841,-1
51,-1,26,33,79,98,153,180,242,275,343,381,453,495,571,617,697,747,831,885,972,1028,1118,1177,1269,1330,1424,1487,1583,1648,1745,1811,1910,1977,2076,2144,2245,2314,2415,2484,2586,2657,2760,2831,2934,3005,3108,3179,3282,3352,3453,3522,3623,3692,3792,3859,3958,4025,4123,4188,4285,4349,4444,4506,4599,4659,4750,4808,4896,4951,5037,5089,5171,5219,5297,5341,5415,5455,5525,5561,5626,5656,5715,5738,5789,5803,5842,-1
52,-1,27,32,80,97,154,179,243,274,344,380,454,494,572,616,698,746,832,884,973,1027,1119,1176,1270,1329,1425,1486,1584,1647,1746,1810,1911,1976,2077,2143,2246,2313,2416,2483,2587,2656,2761,2830,2935,3004,3109,3178,3283,3351,3454,3521,3624,3691,3793,3858,3959,4024,4124,4187,4286,4348,4445,4505,4600,4658,4751,4807,4897,4950,5038,5088,5172,5218,5298,5340,5416,5454,5526,5560,5627,5655,5716,5737,5790,5802,5843,-1
53,-1,-1,31,81,96,155,178,244,273,345,379,455,493,573,615,699,745,833,883,974,1026,1120,1175,1271,1328,1426,1485,1585,1646,1747,1809,1912,1975,2078,2142,2247,2312,2417,2482,2588,2655,2762,2829,2936,3003,3110,3177,3284,3350,3455,3520,3625,3690,3794,3857,3960,4023,4125,4186,4287,4347,4446,4504,4601,4657,4752,4806,4898,4949,5039,5087,5173,5217,5299,5339,5417,5453,5527,5559,5628,5654,5717,5736,5791,5801,-1,-1
54,-1,-1,30,82,95,156,177,245,272,346,378,456,492,574,614,700,744,834,882,975,1025,1121,1174,1272,1327,1427,1484,1586,1645,1748,1808,1913,1974,2079,2141,2248,2311,2418,2481,2589,2654,2763,2828,2937,3002,3111,3176,3285,3349,3456,3519,3626,3689,3795,3856,3961,4022,4126,4185,4288,4346,4447,4503,4602,4656,4753,4805,4899,4948,5040,5086,5174,5216,5300,5338,5418,5452,5528,5558,5629,5653,5718,5735,5792,5800,-1,-1
55,-1,-1,29,83,94,157,176,246,271,347,377,457,491,575,613,701,743,835,881,976,1024,1122,1173,1273,1326,1428,1483,1587,1644,1749,1807,1914,1973,2080,2140,2249,2310,2419,2480,2590,2653,2764,2827,2938,3001,3112,3175,3286,3348,3457,3518,3627,3688,3796,3855,3962,4021,4127,4184,4289,4345,4448,4502,4603,4655,4754,4804,4900,4947,5041,5085,5175,5215,5301,5337,5419,5451,5529,5557,5630,5652,5719,5734,5793,5799,-1,-1
56,-1,-1,28,84,93,158,175,247,270,348,376,458,490,576,612,702,742,836,880,977,1023,1123,1172,1274,1325,1429,1482,1588,1643,1750,1806,1915,1972,2081,2139,2250,2309,2420,2479,2591,2652,2765,2826,2939,3000,3113,3174,3287,3347,3458,3517,3628,3687,3797,3854,3963,4020,4128,4183,4290,4344,4449,4501,4604,4654,4755,4803,4901,4946,5042,5084,5176,5214,5302,5336,5420,5450,5530,5556,5631,5651,5720,5733,5794,5798,-1,-1
57,-1,-1,-1,85,92,159,174,248,269,349,375,459,489,577,611,703,741,837,879,978,1022,1124,1171,1275,1324,1430,1481,1589,1642,1751,1805,1916,1971,2082,2138,2251,2308,2421,2478,2592,2651,2766,2825,2940,2999,3114,3173,3288,3346,3459,3516,3629,3686,3798,3853,3964,4019,4129,4182,4291,4343,4450,4500,4605,4653,4756,4802,4902,4945,5043,5083,5177,5213,5303,5335,5421,5449,5531,5555,5632,5650,5721,5732,5795,-1,-1,-1
58,-1,-1,-1,86,91,160,173,249,268,350,374,460,488,578,610,704,740,838,878,979,1021,1125,1170,1276,1323,1431,1480,1590,1641,1752,1804,1917,1970,2083,2137,2252,2307,2422,2477,2593,2650,2767,2824,2941,2998,3115,3172,3289,3345,3460,3515,3630,3685,3799,3852,3965,4018,4130,4181,4292,4342,4451,4499,4606,4652,4757,4801,4903,4944,5044,5082,5178,5212,5304,5334,5422,5448,5532,5554,5633,5649,5722,5731,5796,-1,-1,-1
59,-1,-1,-1,87,90,161,172,250,267,351,373,461,487,579,609,705,739,839,877,980,1020,1126,1169,1277,1322,1432,1479,1591,1640,1753,1803,1918,1969,2084,2136,2253,2306,2423,2476,2594,2649,2768,2823,2942,2997,3116,3171,3290,3344,3461,3514,3631,3684,3800,3851,3966,4017,4131,4180,4293,4341,4452,4498,4607,4651,4758,4800,4904,4943,5045,5081,5179,5211,5305,5333,5423,5447,5533,5553,5634,5648,5723,5730,5797,-1,-1,-1
60,-1,-1,-1,-1,89,162,171,251,266,352,372,462,486,580,608,706,738,840,876,981,1019,1127,1168,1278,1321,1433,1478,1592,1639,1754,1802,1919,1968,2085,2135,2254,2305,2424,2475,2595,2648,2769,2822,2943,2996,3117,3170,3291,3343,3462,3513,3632,3683,3801,3850,3967,4016,4132,4179,4294,4340,4453,4497,4608,4650,4759,4799,4905,4942,5046,5080,5180,5210,5306,5332,5424,5446,5534,5552,5635,5647,5724,5729,-1,-1,-1,-1
61,-1,-1,-1,-1,88,163,170,252,265,353,371,463,485,581,607,707,737,841,875,982,1018,1128,1167,1279,1320,1434,1477,1593,1638,1755,1801,1920,1967,2086,2134,2255,2304,2425,2474,2596,2647,2770,2821,2944,2995,3118,3169,3292,3342,3463,3512,3633,3682,3802,3849,3968,4015,4133,4178,4295,4339,4454,4496,4609,4649,4760,4798,4906,4941,5047,5079,5181,5209,5307,5331,5425,5445,5535,5551,5636,5646,5725,5728,-1,-1,-1,-1
62,-1,-1,-1,-1,-1,164,169,253,264,354,370,464,484,582,606,708,736,842,874,983,1017,1129,1166,1280,1319,1435,1476,1594,1637,1756,1800,1921,1966,2087,2133,2256,2303,2426,2473,2597,2646,2771,2820,2945,2994,3119,3168,3293,3341,3464,3511,3634,3681,3803,3848,3969,4014,4134,4177,4296,4338,4455,4495,4610,4648,4761,4797,4907,4940,5048,5078,5182,5208,5308,5330,5426,5444,5536,5550,5637,5645,5726,-1,-1,-1,-1,-1
63,-1,-1,-1,-1,-1,165,168,254,263,355,369,465,483,583,605,709,735,843,873,984,1016,1130,1165,1281,1318,1436,1475,1595,1636,1757,1799,1922,1965,2088,2132,2257,2302,2427,2472,2598,2645,2772,2819,2946,2993,3120,3167,3294,3340,3465,3510,3635,3680,3804,3847,3970,4013,4135,4176,4297,4337,4456,4494,4611,4647,4762,4796,4908,4939,5049,5077,5183,5207,5309,5329,5427,5443,5537,5549,5638,5644,5727,-1,-1,-1,-1,-1
64,-1,-1,-1,-1,-1,-1,167,255,262,356,368,466,482,584,604,710,734,844,872,985,1015,1131,1164,1282,1317,1437,1474,1596,1635,1758,1798,1923,1964,2089,2131,2258,2301,2428,2471,2599,2644,2773,2818,2947,2992,3121,3166,3295,3339,3466,3509,3636,3679,3805,3846,3971,4012,4136,4175,4298,4336,4457,4493,4612,4646,4763,4795,4909,4938,5050,5076,5184,5206,5310,5328,5428,5442,5538,5548,5639,5643,-1,-1,-1,-1,-1,-1
65,-1,-1,-1,-1,-1,-1,166,256,261,357,367,467,481,585,603,711,733,845,871,986,1014,1132,1163,1283,1316,1438,1473,1597,1634,1759,1797,1924,1963,2090,2130,2259,2300,2429,2470,2600,2643,2774,2817,2948,2991,3122,3165,3296,3338,3467,3508,3637,3678,3806,3845,3972,4011,4137,4174,4299,4335,4458,4492,4613,4645,4764,4794,4910,4937,5051,5075,5185,5205,5311,5327,5429,5441,5539,5547,5640,5642,-1,-1,-1,-1,-1,-1
66,-1,-1,-1,-1,-1,-1,-1,257,260,358,366,468,480,586,602,712,732,846,870,987,1013,1133,1162,1284,1315,1439,1472,1598,1633,1760,1796,1925,1962,2091,2129,2260,2299,2430,2469,2601,2642,2775,2816,2949,2990,3123,3164,3297,3337,3468,3507,3638,3677,3807,3844,3973,4010,4138,4173,4300,4334,4459,4491,4614,4644,4765,4793,4911,4936,5052,5074,5186,5204,5312,5326,5430,5440,5540,5546,5641,-1,-1,-1,-1,-1,-1,-1
67,-1,-1,-1,-1,-1,-1,-1,-1,259,359,365,469,479,587,601,713,731,847,869,988,1012,1134,1161,1285,1314,1440,1471,1599,1632,1761,1795,1926,1961,2092,2128,2261,2298,2431,2468,2602,2641,2776,2815,2950,2989,3124,3163,3298,3336,3469,3506,3639,3676,3808,3843,3974,4009,4139,4172,4301,4333,4460,4490,4615,4643,4766,4792,4912,4935,5053,5073,5187,5203,5313,5325,5431,5439,5541,5545,-1,-1,-1,-1,-1,-1,-1,-1
68,-1,-1,-1,-1,-1,-1,-1,-1,258,360,364,470,478,588,600,714,730,848,868,989,1011,1135,1160,1286,1313,1441,1470,1600,1631,1762,1794,1927,1960,2093,2127,2262,2297,2432,2467,2603,2640,2777,2814,2951,2988,3125,3162,3299,3335,3470,3505,3640,3675,3809,3842,3975,4008,4140,4171,4302,4332,4461,4489,4616,4642,4767,4791,4913,4934,5054,5072,5188,5202,5314,5324,5432,5438,5542,5544,-1,-1,-1,-1,-1,-1,-1,-1
69,-1,-1,-1,-1,-1,-1,-1,-1,-1,361,363,471,477,589,599,715,729,849,867,990,1010,1136,1159,1287,1312,1442,1469,1601,1630,1763,1793,1928,1959,2094,2126,2263,2296,2433,2466,2604,2639,2778,2813,2952,2987,3126,3161,3300,3334,3471,3504,3641,3674,3810,3841,3976,4007,4141,4170,4303,4331,4462,4488,4617,4641,4768,4790,4914,4933,5055,5071,5189,5201,5315,5323,5433,5437,5543,-1,-1,-1,-1,-1,-1,-1,-1,-1
70,-1,-1,-1,-1,-1,-1,-1,-1,-1,-1,362,472,476,590,598,716,728,850,866,991,1009,1137,1158,1288,1311,1443,1468,1602,1629,1764,1792,1929,1958,2095,2125,2264,2295,2434,2465,2605,2638,2779,2812,2953,2986,3127,3160,3301,3333,3472,3503,3642,3673,3811,3840,3977,4006,4142,4169,4304,4330,4463,4487,4618,4640,4769,4789,4915,4932,5056,5070,5190,5200,5316,5322,5434,5436,-1,-1,-1,-1,-1,-1,-1,-1,-1,-1
71,-1,-1,-1,-1,-1,-1,-1,-1,-1,-1,-1,473,475,591,597,717,727,851,865,992,1008,1138,1157,1289,1310,1444,1467,1603,1628,1765,1791,1930,1957,2096,2124,2265,2294,2435,2464,2606,2637,2780,2811,2954,2985,3128,3159,3302,3332,3473,3502,3643,3672,3812,3839,3978,4005,4143,4168,4305,4329,4464,4486,4619,4639,4770,4788,4916,4931,5057,5069,5191,5199,5317,5321,5435,-1,-1,-1,-1,-1,-1,-1,-1,-1,-1,-1
72,-1,-1,-1,-1,-1,-1,-1,-1,-1,-1,-1,-1,474,592,596,718,726,852,864,993,1007,1139,1156,1290,1309,1445,1466,1604,1627,1766,1790,1931,1956,2097,2123,2266,2293,2436,2463,2607,2636,2781,2810,2955,2984,3129,3158,3303,3331,3474,3501,3644,3671,3813,3838,3979,4004,4144,4167,4306,4328,4465,4485,4620,4638,4771,4787,4917,4930,5058,5068,5192,5198,5318,5320,-1,-1,-1,-1,-1,-1,-1,-1,-1,-1,-1,-1
73,-1,-1,-1,-1,-1,-1,-1,-1,-1,-1,-1,-1,-1,593,595,719,725,853,863,994,1006,1140,1155,1291,1308,1446,1465,1605,1626,1767,1789,1932,1955,2098,2122,2267,2292,2437,2462,2608,2635,2782,2809,2956,2983,3130,3157,3304,3330,3475,3500,3645,3670,3814,3837,3980,4003,4145,4166,4307,4327,4466,4484,4621,4637,4772,4786,4918,4929,5059,5067,5193,5197,5319,-1,-1,-1,-1,-1,-1,-1,-1,-1,-1,-1,-1,-1
74,-1,-1,-1,-1,-1,-1,-1,-1,-1,-1,-1,-1,-1,-1,594,720,724,854,862,995,1005,1141,1154,1292,1307,1447,1464,1606,1625,1768,1788,1933,1954,2099,2121,2268,2291,2438,2461,2609,2634,2783,2808,2957,2982,3131,3156,3305,3329,3476,3499,3646,3669,3815,3836,3981,4002,4146,4165,4308,4326,4467,4483,4622,4636,4773,4785,4919,4928,5060,5066,5194,5196,-1,-1,-1,-1,-1,-1,-1,-1,-1,-1,-1,-1,-1,-1
75,-1,-1,-1,-1,-1,-1,-1,-1,-1,-1,-1,-1,-1,-1,-1,721,723,855,861,996,1004,1142,1153,1293,1306,1448,1463,1607,1624,1769,1787,1934,1953,2100,2120,2269,2290,2439,2460,2610,2633,2784,2807,2958,2981,3132,3155,3306,3328,3477,3498,3647,3668,3816,3835,3982,4001,4147,4164,4309,4325,4468,4482,4623,4635,4774,4784,4920,4927,5061,5065,5195,-1,-1,-1,-1,-1,-1,-1,-1,-1,-1,-1,-1,-1,-1,-1
76,-1,-1,-1,-1,-1,-1,-1,-1,-1,-1,-1,-1,-1,-1,-1,-1,722,856,860,997,1003,1143,1152,1294,1305,1449,1462,1608,1623,1770,1786,1935,1952,2101,2119,2270,2289,2440,2459,2611,2632,2785,2806,2959,2980,3133,3154,3307,3327,3478,3497,3648,3667,3817,3834,3983,4000,4148,4163,4310,4324,4469,4481,4624,4634,4775,4783,4921,4926,5062,5064,-1,-1,-1,-1,-1,-1,-1,-1,-1,-1,-1,-1,-1,-1,-1,-1
77,-1,-1,-1,-1,-1,-1,-1,-1,-1,-1,-1,-1,-1,-1,-1,-1,-1,857,859,998,1002,1144,1151,1295,1304,1450,1461,1609,1622,1771,1785,1936,1951,2102,2118,2271,2288,2441,2458,2612,2631,2786,2805,2960,2979,3134,3153,3308,3326,3479,3496,3649,3666,3818,3833,3984,3999,4149,4162,4311,4323,4470,4480,4625,4633,4776,4782,4922,4925,5063,-1,-1,-1,-1,-1,-1,-1,-1,-1,-1,-1,-1,-1,-1,-1,-1,-1
78,-1,-1,-1,-1,-1,-1,-1,-1,-1,-1,-1,-1,-1,-1,-1,-1,-1,-1,858,999,1001,1145,1150,1296,1303,1451,1460,1610,1621,1772,1784,1937,1950,2103,2117,2272,2287,2442,2457,2613,2630,2787,2804,2961,2978,3135,3152,3309,3325,3480,3495,3650,3665,3819,3832,3985,3998,4150,4161,4312,4322,4471,4479,4626,4632,4777,4781,4923,4924,-1,-1,-1,-1,-1,-1,-1,-1,-1,-1,-1,-1,-1,-1,-1,-1,-1,-1
79,-1,-1,-1,-1,-1,-1,-1,-1,-1,-1,-1,-1,-1,-1,-1,-1,-1,-1,-1,-1,1000,1146,1149,1297,1302,1452,1459,1611,1620,1773,1783,1938,1949,2104,2116,2273,2286,2443,2456,2614,2629,2788,2803,2962,2977,3136,3151,3310,3324,3481,3494,3651,3664,3820,3831,3986,3997,4151,4160,4313,4321,4472,4478,4627,4631,4778,4780,-1,-1,-1,-1,-1,-1,-1,-1,-1,-1,-1,-1,-1,-1,-1,-1,-1,-1,-1,-1
80,-1,-1,-1,-1,-1,-1,-1,-1,-1,-1,-1,-1,-1,-1,-1,-1,-1,-1,-1,-1,-1,1147,1148,1298,1301,1453,1458,1612,1619,1774,1782,1939,1948,2105,2115,2274,2285,2444,2455,2615,2628,2789,2802,2963,2976,3137,3150,3311,3323,3482,3493,3652,3663,3821,3830,3987,3996,4152,4159,4314,4320,4473,4477,4628,4630,4779,-1,-1,-1,-1,-1,-1,-1,-1,-1,-1,-1,-1,-1,-1,-1,-1,-1,-1,-1,-1,-1
81,-1,-1,-1,-1,-1,-1,-1,-1,-1,-1,-1,-1,-1,-1,-1,-1,-1,-1,-1,-1,-1,-1,-1,1299,1300,1454,1457,1613,1618,1775,1781,1940,1947,2106,2114,2275,2284,2445,2454,2616,2627,2790,2801,2964,2975,3138,3149,3312,3322,3483,3492,3653,3662,3822,3829,3988,3995,4153,4158,4315,4319,4474,4476,4629,-1,-1,-1,-1,-1,-1,-1,-1,-1,-1,-1,-1,-1,-1,-1,-1,-1,-1,-1,-1,-1,-1,-1
82,-1,-1,-1,-1,-1,-1,-1,-1,-1,-1,-1,-1,-1,-1,-1,-1,-1,-1,-1,-1,-1,-1,-1,-1,-1,1455,1456,1614,1617,1776,1780,1941,1946,2107,2113,2276,2283,2446,2453,2617,2626,2791,2800,2965,2974,3139,3148,3313,3321,3484,3491,3654,3661,3823,3828,3989,3994,4154,4157,4316,4318,4475,-1,-1,-1,-1,-1,-1,-1,-1,-1,-1,-1,-1,-1,-1,-1,-1,-1,-1,-1,-1,-1,-1,-1,-1,-1
83,-1,-1,-1,-1,-1,-1,-1,-1,-1,-1,-1,-1,-1,-1,-1,-1,-1,-1,-1,-1,-1,-1,-1,-1,-1,-1,-1,1615,1616,1777,1779,1942,1945,2108,2112,2277,2282,2447,2452,2618,2625,2792,2799,2966,2973,3140,3147,3314,3320,3485,3490,3655,3660,3824,3827,3990,3993,4155,4156,4317,-1,-1,-1,-1,-1,-1,-1,-1,-1,-1,-1,-1,-1,-1,-1,-1,-1,-1,-1,-1,-1,-1,-1,-1,-1,-1,-1
84,-1,-1,-1,-1,-1,-1,-1,-1,-1,-1,-1,-1,-1,-1,-1,-1,-1,-1,-1,-1,-1,-1,-1,-1,-1,-1,-1,-1,-1,-1,1778,1943,1944,2109,2111,2278,2281,2448,2451,2619,2624,2793,2798,2967,2972,3141,3146,3315,3319,3486,3489,3656,3659,3825,3826,3991,3992,-1,-1,-1,-1,-1,-1,-1,-1,-1,-1,-1,-1,-1,-1,-1,-1,-1,-1,-1,-1,-1,-1,-1,-1,-1,-1,-1,-1,-1,-1
85,-1,-1,-1,-1,-1,-1,-1,-1,-1,-1,-1,-1,-1,-1,-1,-1,-1,-1,-1,-1,-1,-1,-1,-1,-1,-1,-1,-1,-1,-1,-1,-1,-1,-1,2110,2279,2280,2449,2450,2620,2623,2794,2797,2968,2971,3142,3145,3316,3318,3487,3488,3657,3658,-1,-1,-1,-1,-1,-1,-1,-1,-1,-1,-1,-1,-1,-1,-1,-1,-1,-1,-1,-1,-1,-1,-1,-1,-1,-1,-1,-1,-1,-1,-1,-1,-1,-1
86,-1,-1,-1,-1,-1,-1,-1,-1,-1,-1,-1,-1,-1,-1,-1,-1,-1,-1,-1,-1,-1,-1,-1,-1,-1,-1,-1,-1,-1,-1,-1,-1,-1,-1,-1,-1,-1,-1,-1,2621,2622,2795,2796,2969,2970,3143,3144,3317,-1,-1,-1,-1,-1,-1,-1,-1,-1,-1,-1,-1,-1,-1,-1,-1,-1,-1,-1,-1,-1,-1,-1,-1,-1,-1,-1,-1,-1,-1,-1,-1,-1,-1,-1,-1,-1,-1,-1
